{
  "args": {
    "eval_only": false,
    "checkpoint": null,
    "epochs": 3,
    "batch_size": 4,
    "grad_accum": 4,
    "lr": 5e-05,
    "max_len": 256,
    "lambda_align": 0.1,
    "log_every": 100,
    "save_every": 500,
    "checkpoint_dir": "checkpoints",
    "results_file": "blend_results.json",
    "device": "mps"
  },
  "baseline": {
    "sink_waste_pct": 44.26,
    "num_sick_heads": 31,
    "num_healthy_heads": 98,
    "num_diffuse_heads": 15,
    "per_layer_sink": [
      3.89,
      11.54,
      19.02,
      39.4,
      42.02,
      63.12,
      58.78,
      67.96,
      58.86,
      64.72,
      57.41,
      44.42
    ],
    "cosine_sick_to_healthy": 0.8716,
    "entropy_grid": [
      [
        3.649944305419922,
        0.3580165207386017,
        3.806431293487549,
        0.4008113145828247,
        1.263934850692749,
        0.995448648929596,
        3.5624451637268066,
        1.915964961051941,
        3.573638439178467,
        3.9356417655944824,
        3.6265931129455566,
        4.066340923309326
      ],
      [
        2.114833354949951,
        2.4459972381591797,
        3.648602247238159,
        2.6204376220703125,
        3.2900450229644775,
        3.5769450664520264,
        3.6291606426239014,
        3.942647695541382,
        3.9538187980651855,
        3.844102144241333,
        3.822733163833618,
        1.326645016670227
      ],
      [
        2.2573699951171875,
        3.5166385173797607,
        1.1500170230865479,
        1.7958875894546509,
        1.4035807847976685,
        1.7330255508422852,
        2.4676294326782227,
        3.2881901264190674,
        1.7150768041610718,
        1.7158102989196777,
        2.923386812210083,
        2.0018537044525146
      ],
      [
        1.4500939846038818,
        1.8131771087646484,
        1.3581430912017822,
        0.9209813475608826,
        2.206509590148926,
        2.468522071838379,
        1.680340051651001,
        1.3881081342697144,
        1.495965838432312,
        1.4911295175552368,
        1.635846734046936,
        1.6854482889175415
      ],
      [
        1.1698391437530518,
        1.5273233652114868,
        1.9501944780349731,
        1.5364457368850708,
        2.12982177734375,
        1.3641833066940308,
        1.976693034172058,
        1.6708674430847168,
        2.2989470958709717,
        1.6500144004821777,
        1.9327057600021362,
        0.002777960617095232
      ],
      [
        1.0906811952590942,
        0.12002433836460114,
        1.3690437078475952,
        2.213289260864258,
        1.4746366739273071,
        1.2863490581512451,
        0.6692466735839844,
        0.9549949169158936,
        1.0423685312271118,
        2.0526905059814453,
        2.8741464614868164,
        2.0334861278533936
      ],
      [
        1.7926945686340332,
        0.7529513835906982,
        2.6328818798065186,
        1.5355631113052368,
        2.5952675342559814,
        1.720320224761963,
        1.9162245988845825,
        2.1692757606506348,
        1.2194229364395142,
        0.41100212931632996,
        1.2791389226913452,
        1.5211721658706665
      ],
      [
        1.098944067955017,
        1.9012649059295654,
        0.19350528717041016,
        1.5907416343688965,
        1.0004338026046753,
        2.202489137649536,
        2.036339282989502,
        1.0165157318115234,
        1.2639472484588623,
        1.4987016916275024,
        0.5835306644439697,
        0.9908344745635986
      ],
      [
        2.0999643802642822,
        0.6103541851043701,
        2.724640130996704,
        2.0831727981567383,
        1.0396933555603027,
        1.8133888244628906,
        1.185291051864624,
        1.1321202516555786,
        2.4878990650177,
        1.874914526939392,
        1.9633471965789795,
        1.640638828277588
      ],
      [
        2.234044075012207,
        1.1830741167068481,
        2.222660541534424,
        1.5436301231384277,
        1.2362616062164307,
        1.7091050148010254,
        1.2217243909835815,
        1.7782403230667114,
        1.6434553861618042,
        1.2732760906219482,
        1.1701470613479614,
        1.0935884714126587
      ],
      [
        2.025506019592285,
        1.5763943195343018,
        1.9974638223648071,
        2.3435275554656982,
        2.3664722442626953,
        1.091689944267273,
        1.8080908060073853,
        2.191187858581543,
        1.3160057067871094,
        1.3253049850463867,
        1.6062555313110352,
        1.8309195041656494
      ],
      [
        3.5894181728363037,
        2.302105665206909,
        1.932127833366394,
        2.0830891132354736,
        2.861307382583618,
        1.9854094982147217,
        1.5951058864593506,
        2.3107917308807373,
        2.971514940261841,
        1.8331109285354614,
        2.356436252593994,
        2.509136915206909
      ]
    ],
    "perplexity": 44.46
  },
  "finetuned": {
    "sink_waste_pct": 44.4,
    "num_sick_heads": 32,
    "num_healthy_heads": 97,
    "num_diffuse_heads": 15,
    "per_layer_sink": [
      3.8,
      14.02,
      25.73,
      37.07,
      43.01,
      58.44,
      59.01,
      67.59,
      60.82,
      62.83,
      55.9,
      44.61
    ],
    "cosine_sick_to_healthy": 0.8708,