{
  "baseline": 44.4578,
  "experiments": [
    {
      "name": "embedding_offset_pos0",
      "params": 768,
      "ppl": 42.1216,
      "improvement_pct": 5.25
    },
    {
      "name": "attention_bias_pos0",
      "params": 12,
      "ppl": 45.1256,
      "improvement_pct": -1.5,
      "bias_values": [
        -0.26600000262260437,
        0.13600000739097595,
        2.177000045776367,
        0.5680000185966492,
        0.9629999995231628,
        0.04899999871850014,
        0.19200000166893005,
        -1.187999963760376,
        -0.503000020980835,
        -0.9079999923706055,
        -1.246000051498413,
        -0.09200000017881393
      ]
    }
  ]
}